alpha,mean_tau,median_tau,std_tau,mean_tau_frac,median_tau_frac,p25_tau_frac,p75_tau_frac,n_abstained,seed,dataset_key
0.1,60.25355450236967,57.0,41.18430053537709,0.43418963403833377,0.4206103494029191,0.20857954545454546,0.6627180232558139,422,0,gsm8k_phi3
0.2,51.28639053254438,45.0,38.24831192455758,0.40728258240587645,0.38095238095238093,0.1566265060240964,0.6451612903225806,845,0,gsm8k_phi3
0.3,44.54222573007103,38.0,36.07576096961849,0.3734489612461472,0.3364485981308411,0.11650485436893204,0.6111111111111112,1267,0,gsm8k_phi3
0.4,36.977514792899406,30.5,32.738692393291494,0.3246096304454502,0.25940062199604186,0.07321138211382114,0.5348543966501713,1690,0,gsm8k_phi3
0.5,31.785984848484848,23.0,31.298895574470176,0.2878350433124783,0.19204425711275025,0.04683849299065421,0.4606544771018455,2112,0,gsm8k_phi3
0.6,25.85043409629045,13.5,28.876627829025388,0.24536876256412252,0.129520697167756,0.03508771929824561,0.38635416666666667,2534,0,gsm8k_phi3
0.7,21.427122083192426,9.0,26.727166113479633,0.21010633238052814,0.08860759493670886,0.02127659574468085,0.325,2957,0,gsm8k_phi3
0.8,15.222255105060668,5.0,21.961547864747516,0.15817691686449506,0.05434782608695652,0.011904761904761904,0.20707937002962734,3379,0,gsm8k_phi3
0.9,9.885030255196002,3.0,16.09600863182224,0.11217137944177223,0.024691358024691357,0.0,0.12727272727272726,3801,0,gsm8k_phi3
0.1,61.997630331753555,58.5,41.5300666973014,0.45553202572030543,0.47738546833965567,0.2182086942038641,0.6747022121384004,422,1,gsm8k_phi3
0.2,51.01301775147929,47.0,36.15012839812423,0.4080244551661981,0.39436619718309857,0.16666666666666666,0.6129032258064516,845,1,gsm8k_phi3
0.3,43.05130228887135,38.0,34.478064190161355,0.3627109426463292,0.3314917127071823,0.10484002279573394,0.5786303107165505,1267,1,gsm8k_phi3
0.4,37.10828402366864,31.0,32.918935613222615,0.32338968877340474,0.2626408484045072,0.0725296442687747,0.5321725711218466,1690,1,gsm8k_phi3
0.5,32.54403409090909,26.0,30.759098069175256,0.2952680708034106,0.2083478260869565,0.05340966921119593,0.48193101225016116,2112,1,gsm8k_phi3
0.6,27.551302288871348,16.0,29.209236402217876,0.25859711571660177,0.1520233918128655,0.03392713017410354,0.4282246879334258,2534,1,gsm8k_phi3
0.7,22.531958065607036,10.0,27.320132902437194,0.21929032418319383,0.0945945945945946,0.019736842105263157,0.35570469798657717,2957,1,gsm8k_phi3
0.8,17.593962710861202,7.0,22.83865793329226,0.1847651480194976,0.06521739130434782,0.0125,0.28735632183908044,3379,1,gsm8k_phi3
0.9,10.948960799789528,4.0,16.40822057042133,0.1243757853075457,0.03508771929824561,0.0,0.16883116883116883,3801,1,gsm8k_phi3
0.1,62.741706161137444,57.0,45.598309136865446,0.4472059186106994,0.42470334412081984,0.2167763157894737,0.668546365914787,422,2,gsm8k_phi3
0.2,48.78816568047337,43.0,38.31910675875832,0.3949703339655001,0.37373737373737376,0.1277258566978193,0.6124031007751938,845,2,gsm8k_phi3
0.3,43.45146014206788,38.0,36.336450297245776,0.3698381451826162,0.33663366336633666,0.0975609756097561,0.5875644329896907,1267,2,gsm8k_phi3
0.4,37.16923076923077,32.0,34.04450272335423,0.33476935885952486,0.2676056338028169,0.058823529411764705,0.5535118130457113,1690,2,gsm8k_phi3
0.5,31.986742424242426,24.0,31.433835249283685,0.3004623992336362,0.2,0.04576730608840701,0.4944009953785994,2112,2,gsm8k_phi3
0.6,27.722967640094712,14.0,30.995120954765305,0.2622524364995598,0.14692390717754994,0.03314950980392157,0.42718446601941745,2534,2,gsm8k_phi3
0.7,22.12242137301319,9.0,27.692925100035964,0.21995712944820167,0.08571428571428572,0.020202020202020204,0.34545454545454546,2957,2,gsm8k_phi3
0.8,17.451908848771826,6.0,24.310284216162316,0.18427398589932192,0.05421686746987952,0.009662061239731142,0.26726190476190476,3379,2,gsm8k_phi3
0.9,10.78689818468824,3.0,17.96705005106248,0.12373366489925929,0.023809523809523808,0.0,0.1326530612244898,3801,2,gsm8k_phi3
0.1,57.345971563981045,52.0,43.40652887728466,0.41157428551814523,0.4149809318520975,0.14169254658385091,0.6472276724075285,422,3,gsm8k_phi3
0.2,44.61065088757397,37.0,35.8757702701385,0.3490236091365516,0.3,0.11392405063291139,0.5555555555555556,845,3,gsm8k_phi3
0.3,37.767955801104975,31.0,32.902186709949675,0.3132976454727485,0.25,0.08704918032786885,0.49822695035460995,1267,3,gsm8k_phi3
0.4,31.355621301775148,23.0,31.261686776579133,0.27443569931782724,0.18569065343258892,0.05340236686390533,0.44451852891633914,1690,3,gsm8k_phi3
0.5,27.882102272727273,17.0,29.568036299024822,0.2546073565691921,0.15484574111334676,0.043478260869565216,0.40851194121249235,2112,3,gsm8k_phi3
0.6,24.708366219415943,13.0,28.333616031309656,0.2323436035603311,0.13010288748755394,0.03125,0.36408789885611076,2534,3,gsm8k_phi3
0.7,19.207642881298614,9.0,24.951305348148786,0.18875838574571044,0.07894736842105263,0.016129032258064516,0.28125,2957,3,gsm8k_phi3
0.8,13.385321100917432,5.0,19.492012098285734,0.14209607704054716,0.04395604395604396,0.008928571428571428,0.1875,3379,3,gsm8k_phi3
0.9,8.000789265982636,2.0,13.901455311664883,0.0918904570389797,0.021052631578947368,0.0,0.0975609756097561,3801,3,gsm8k_phi3
0.1,62.49052132701422,58.0,41.82114541704497,0.4493850098847515,0.4615446543580936,0.22883597883597884,0.6666666666666666,422,4,gsm8k_phi3
0.2,47.98816568047337,42.0,35.47406556069522,0.3764908675400937,0.3448275862068966,0.14375,0.5877192982456141,845,4,gsm8k_phi3
0.3,38.76558800315706,34.0,32.219812565158854,0.3224556323029841,0.2696629213483146,0.08825984142439838,0.5,1267,4,gsm8k_phi3
0.4,33.898224852071,28.0,31.073233736401104,0.2966395540008995,0.2259169244365886,0.06837606837606838,0.45064078162669713,1690,4,gsm8k_phi3
0.5,29.216382575757574,19.0,30.038218341916785,0.2676852984791559,0.1701063829787234,0.042520954223081886,0.4277535441657579,2112,4,gsm8k_phi3
0.6,23.406866614048933,11.0,27.680037915827924,0.2229503976333817,0.10667674677701734,0.023857142857142855,0.3533215010141988,2534,4,gsm8k_phi3
0.7,18.548867095028747,7.0,25.051358734986373,0.18450434700792118,0.06153846153846154,0.014084507042253521,0.29411764705882354,2957,4,gsm8k_phi3
0.8,13.897898786623262,4.0,20.857737487677774,0.14397068971431656,0.04242424242424243,0.009345794392523364,0.2023894182904281,3379,4,gsm8k_phi3
0.9,8.861352275716916,2.0,16.14385420475543,0.09813997479669948,0.018404907975460124,0.0,0.1038961038961039,3801,4,gsm8k_phi3
0.1,122.98815165876778,111.5,104.61972371151927,0.4819526699386279,0.5277500656340247,0.19200779727095516,0.758699501336995,422,0,gsm8k_qwen
0.2,92.75384615384615,74.0,97.18190593025373,0.408651242306981,0.39308176100628933,0.11475409836065574,0.6733333333333333,845,0,gsm8k_qwen
0.3,73.0915548539858,47.0,88.14024028270563,0.3449532633179381,0.2654320987654321,0.07513440860215054,0.5908378136200717,1267,0,gsm8k_qwen
0.4,59.27988165680473,34.0,79.38766622035811,0.29996542289178296,0.193531929719775,0.06014220817697018,0.4971118934976345,1690,0,gsm8k_qwen
0.5,44.28409090909091,21.0,58.75967661062878,0.2515312509247824,0.1306501021102791,0.043041871921182265,0.4046867762853173,2112,0,gsm8k_qwen
0.6,35.48973954222573,14.0,48.31209881960427,0.21881629060642183,0.09523809523809523,0.03182541980312681,0.3469551282051282,2534,0,gsm8k_qwen
0.7,24.25836996956375,10.0,37.60979465271193,0.16273009368842248,0.06521739130434782,0.020833333333333332,0.22602739726027396,2957,0,gsm8k_qwen
0.8,16.54453980467594,5.0,31.78355162841975,0.12406319596019083,0.03488372093023256,0.007462686567164179,0.1474884405212274,3379,0,gsm8k_qwen
0.9,11.91002367797948,2.0,27.59824348460201,0.09980734879182956,0.014705882352941176,0.0,0.08571428571428572,3801,0,gsm8k_qwen
0.1,125.51658767772511,110.5,108.20035155007514,0.47618979885685514,0.5281878066814546,0.1985867446393762,0.728146045973332,422,1,gsm8k_qwen
0.2,96.44142011834319,80.0,89.65093616566261,0.42486638097413987,0.39571150097465885,0.15886939571150097,0.6770833333333334,845,1,gsm8k_qwen
0.3,75.14443567482242,55.0,78.31758231899921,0.3572764880937548,0.3125,0.09090909090909091,0.5962710747432588,1267,1,gsm8k_qwen
0.4,61.72544378698225,42.5,65.09188137742493,0.32068113457349756,0.24577802135346893,0.06888782866836302,0.5347716061246717,1690,1,gsm8k_qwen
0.5,46.94886363636363,25.0,54.251302514006554,0.26749448105094964,0.14598626568789957,0.03481295973674022,0.4612897877984085,2112,1,gsm8k_qwen
0.6,35.65430149960537,14.0,47.319403570495524,0.21962201892640404,0.09230391124218804,0.01902045989498461,0.34925749509666576,2534,1,gsm8k_qwen
0.7,25.17754480892797,9.0,38.712277673498384,0.1725501238765583,0.059602649006622516,0.010416666666666666,0.23809523809523808,2957,1,gsm8k_qwen
0.8,17.307783367860313,5.0,33.26176550455273,0.13023194761601956,0.03007518796992481,0.0,0.13095238095238096,3379,1,gsm8k_qwen
0.9,10.460668245198631,1.0,23.47514524061672,0.09622083228882272,0.005681818181818182,0.0,0.06930693069306931,3801,1,gsm8k_qwen
0.1,122.79620853080569,109.5,105.94689801450018,0.4655957476502854,0.5039910338417801,0.1581384015594542,0.7282821642232594,422,2,gsm8k_qwen
0.2,92.31597633136094,74.0,93.14806330471696,0.40739893684580986,0.38513513513513514,0.11666666666666667,0.654320987654321,845,2,gsm8k_qwen
0.3,70.42620363062352,49.0,71.6522440718801,0.3461467721983042,0.2978723404255319,0.08248081841432225,0.5723607427055704,1267,2,gsm8k_qwen
0.4,58.39230769230769,35.0,76.26492636909079,0.2998659722955128,0.20051546391752578,0.047885167464114836,0.5095833333333333,1690,2,gsm8k_qwen
0.5,45.146780303030305,21.0,58.504785231095255,0.25687165570675247,0.13086080586080587,0.025,0.44771428571428573,2112,2,gsm8k_qwen
0.6,32.10576164167325,11.0,47.10816306731739,0.19688434945937897,0.0724160945842868,0.013223152551273449,0.311421126913473,2534,2,gsm8k_qwen
0.7,22.46195468380115,7.0,36.55160656491221,0.1541686318114796,0.046052631578947366,0.005188067444876783,0.21929824561403508,2957,2,gsm8k_qwen
0.8,14.416691328795501,3.0,28.605093010521582,0.11139071993836765,0.02127659574468085,0.0,0.1047731338429013,3379,2,gsm8k_qwen
0.9,8.067350697184951,0.0,20.863071697321995,0.07339391398733716,0.0,0.0,0.0457516339869281,3801,2,gsm8k_qwen
0.1,112.36018957345972,94.0,101.59457633750085,0.44845737200768054,0.4864015631601183,0.18470961887477313,0.6781992320999114,422,3,gsm8k_qwen
0.2,93.04497041420119,71.0,94.54207473300768,0.40919503526821727,0.3728813559322034,0.12424242424242424,0.6621621621621622,845,3,gsm8k_qwen
0.3,74.53196527229676,52.0,82.47647511048667,0.35400510157796994,0.3137254901960784,0.09327140604647974,0.59014098590141,1267,3,gsm8k_qwen
0.4,60.05266272189349,40.0,65.64827524928413,0.3091946256660146,0.2268474400069306,0.0693649373881932,0.5,1690,3,gsm8k_qwen
0.5,43.062026515151516,24.0,52.04297318576686,0.2437085580839408,0.1453654552878726,0.04501777251184834,0.37523496240601506,2112,3,gsm8k_qwen
0.6,31.58405682715075,15.0,44.13674129432316,0.19230252001594464,0.09255180290422581,0.029926534140017287,0.2823529411764706,2534,3,gsm8k_qwen
0.7,23.045316198850188,10.0,32.87653257558073,0.1577680967420915,0.06976744186046512,0.021739130434782608,0.21568627450980393,2957,3,gsm8k_qwen
0.8,14.903225806451612,6.0,27.180005418256695,0.11450950761405643,0.03597122302158273,0.00849260728452939,0.12161172161172161,3379,3,gsm8k_qwen
0.9,9.288082083662195,2.0,21.540974032100202,0.0789016221353411,0.014925373134328358,0.0,0.06666666666666667,3801,3,gsm8k_qwen
0.1,133.84123222748815,116.5,119.09928912286448,0.480043600198177,0.5419662509170946,0.20668016194331984,0.7172024473515194,422,4,gsm8k_qwen
0.2,104.28639053254437,84.0,105.33724198264451,0.4239936212357284,0.43089430894308944,0.13071895424836602,0.6675191815856778,845,4,gsm8k_qwen
0.3,81.72612470402525,59.0,89.2968673425005,0.36866210678977873,0.31125827814569534,0.08856209150326798,0.6236888111888113,1267,4,gsm8k_qwen
0.4,62.19408284023669,37.0,68.39005923139423,0.3149152146688406,0.22866479925303454,0.0661764705882353,0.5331658291457286,1690,4,gsm8k_qwen
0.5,48.02982954545455,26.0,56.22113367375167,0.2648413847241256,0.15400641025641026,0.03968833015302878,0.4326576576576577,2112,4,gsm8k_qwen
0.6,35.65469613259668,15.0,46.531845563923795,0.21884210282044406,0.09116883116883118,0.019925373134328357,0.34018153425727116,2534,4,gsm8k_qwen
0.7,23.664186675684817,8.0,37.298708034251455,0.15916123583818736,0.05434782608695652,0.006666666666666667,0.21212121212121213,2957,4,gsm8k_qwen
0.8,15.470553418171056,4.0,29.192647361584665,0.11923738746058692,0.028037383177570093,0.0,0.11661818593932984,3379,4,gsm8k_qwen
0.9,7.341225993159695,0.0,19.336402358400985,0.06617945356873721,0.0,0.0,0.04424778761061947,3801,4,gsm8k_qwen
0.1,239.5,146.5,225.71358038534228,0.3576521505107981,0.29122150997151,0.13672271638032574,0.5421159485675615,216,0,olympiadMath_phi3
0.2,225.32638888888889,137.0,238.27166538606465,0.3312441076064425,0.26732613908872904,0.09424330697738938,0.5172175673015404,432,0,olympiadMath_phi3
0.3,206.88888888888889,113.0,229.1356140577663,0.30951159213883545,0.2254806864489468,0.07378795721187026,0.5083645396000853,648,0,olympiadMath_phi3
0.4,198.96527777777777,107.0,230.5102154840766,0.2916628579338863,0.19482924153065423,0.05869305897263848,0.48790983106694463,864,0,olympiadMath_phi3
0.5,171.77407407407406,88.0,208.06041874024208,0.2603301583139436,0.15519490217553641,0.03532056492582808,0.43505741095399253,1080,0,olympiadMath_phi3
0.6,129.98070987654322,53.0,171.55669463349471,0.2130801771348516,0.1024620726620214,0.0159938535736302,0.33116867862969,1296,0,olympiadMath_phi3
0.7,91.89814814814815,21.0,140.93831983023867,0.16618300188269441,0.039071002329980786,0.003906294530047688,0.22376409511369394,1512,0,olympiadMath_phi3
0.8,69.78530092592592,7.0,121.75003171971676,0.13895351210950663,0.013868853429207632,0.0007275149316416818,0.17638217611693977,1728,0,olympiadMath_phi3
0.9,35.857510288065846,1.0,75.26680092973525,0.0864842379322659,0.0029806325515280736,0.0,0.0635781918803234,1944,0,olympiadMath_phi3
0.1,330.86574074074076,273.0,253.6945077662258,0.4538785579514119,0.40153515158917313,0.23258397932816538,0.6736828531072084,216,1,olympiadMath_phi3
0.2,294.21527777777777,202.5,260.84303753321166,0.4025756199849796,0.37234756916465217,0.15600550565053609,0.6253033980582524,432,1,olympiadMath_phi3
0.3,255.61111111111111,181.5,233.71706541599968,0.35653540796450406,0.32141580796950386,0.13343342303018046,0.5437422988910403,648,1,olympiadMath_phi3
0.4,203.25347222222223,144.0,198.34801967561958,0.3033439252862835,0.24155579620462048,0.09237465081077534,0.469420521128991,864,1,olympiadMath_phi3
0.5,156.86481481481482,99.5,168.4874769029255,0.24645769371016862,0.1767704117638587,0.06060606060606061,0.3668715846994535,1080,1,olympiadMath_phi3
0.6,115.70679012345678,55.0,152.54904235774342,0.19441157517350588,0.09854338039456007,0.027504946932901602,0.2836044143406474,1296,1,olympiadMath_phi3
0.7,87.91732804232804,24.0,134.5077313969686,0.16070111597405046,0.04392424193703978,0.008131783354653234,0.22026581980710422,1512,1,olympiadMath_phi3
0.8,71.89004629629629,11.0,119.25705854176888,0.14627135279707487,0.021807065217391303,0.0014897585338159108,0.18950581126491353,1728,1,olympiadMath_phi3
0.9,41.66203703703704,2.0,81.29774620638207,0.09903012672738677,0.0034712320514107844,0.0,0.08221408744437428,1944,1,olympiadMath_phi3
0.1,304.6388888888889,201.5,283.1130666141256,0.4181239316907932,0.35974134826843307,0.16591798835575186,0.6509975149122241,216,2,olympiadMath_phi3
0.2,246.90046296296296,156.0,251.13787676878576,0.35830149898926295,0.29420320090602925,0.11910685805422647,0.5698740879111247,432,2,olympiadMath_phi3
0.3,236.28395061728395,157.0,230.89313890687433,0.3446801392579765,0.2861390993715654,0.10359034813404493,0.564687339698509,648,2,olympiadMath_phi3
0.4,204.18055555555554,131.0,213.22836999344557,0.30261889841184547,0.2187997039416702,0.07532537402273325,0.49442607795381377,864,2,olympiadMath_phi3
0.5,169.8935185185185,98.0,190.40368118773927,0.26412974493216146,0.1747574163277205,0.04513426014092554,0.43739813774698555,1080,2,olympiadMath_phi3
0.6,126.6929012345679,57.5,157.2864704186855,0.21198249216081474,0.10460582582884742,0.023809523809523808,0.31596447101025343,1296,2,olympiadMath_phi3
0.7,87.7228835978836,23.0,140.7030976864517,0.15943007999228456,0.04133927742175165,0.0048234845323345,0.20848524564120896,1512,2,olympiadMath_phi3
0.8,70.69212962962963,10.0,119.06301876761428,0.14304434498591978,0.018261391524086068,0.0018034309014881957,0.17745524826846162,1728,2,olympiadMath_phi3
0.9,46.8070987654321,3.0,86.69472083344766,0.11026979008353766,0.0048543689320388345,0.0,0.09829681859736836,1944,2,olympiadMath_phi3
0.1,213.6898148148148,120.5,236.26680047643833,0.31808998373336195,0.2311520312415252,0.11651144859435805,0.4761693565834451,216,3,olympiadMath_phi3
0.2,202.25694444444446,103.5,243.75768971330376,0.2963658996775634,0.20261717413616148,0.07942547359893101,0.5004152823920266,432,3,olympiadMath_phi3
0.3,219.7145061728395,108.5,249.57718005041372,0.3145439450427427,0.21581552919459215,0.06546663746582304,0.549905035815064,648,3,olympiadMath_phi3
0.4,194.71296296296296,101.0,222.03959548150692,0.2864178039271548,0.18096003084436446,0.0445686173582515,0.4870587707913522,864,3,olympiadMath_phi3
0.5,160.2314814814815,89.0,186.44557871864683,0.2543455932925283,0.1484416754470353,0.031931404237853366,0.43704683736848776,1080,3,olympiadMath_phi3
0.6,119.31944444444444,46.0,159.81650779917405,0.20121617485005552,0.09135333415901094,0.013789713746461152,0.31122952685862576,1296,3,olympiadMath_phi3
0.7,86.4973544973545,20.5,138.78678307757724,0.15578016948275353,0.03835238105614085,0.0029253068133728312,0.20846036585365854,1512,3,olympiadMath_phi3
0.8,67.51851851851852,10.0,115.0810337674736,0.13816248728983033,0.019138755980861243,0.0007275149316416818,0.15754063488600414,1728,3,olympiadMath_phi3
0.9,44.46347736625514,2.0,89.50175127287756,0.10526478739180291,0.0038424627196220287,0.0,0.07238130341634223,1944,3,olympiadMath_phi3
0.1,219.58333333333334,149.5,207.23301096430882,0.34437136791093875,0.28521735667884,0.13755083996463308,0.499688990255028,216,4,olympiadMath_phi3
0.2,215.5162037037037,132.5,232.7005998743545,0.3200362001150311,0.2585018916955104,0.09915025503785539,0.5003243625783876,432,4,olympiadMath_phi3
0.3,206.6929012345679,118.5,235.22962870610593,0.304394521905521,0.2200265965394615,0.07707727209753394,0.499688990255028,648,4,olympiadMath_phi3
0.4,181.2974537037037,87.5,222.74141229860163,0.2632160265122953,0.16182862081738486,0.038750339819325484,0.4294800866849552,864,4,olympiadMath_phi3
0.5,147.65648148148148,58.0,196.33622794185192,0.22600923621581526,0.11563929467315921,0.0171030568190579,0.38759436717694434,1080,4,olympiadMath_phi3
0.6,106.05478395061728,25.0,161.0190184839467,0.17534904635385132,0.045417710328569325,0.004600385957882083,0.26193721880629245,1296,4,olympiadMath_phi3
0.7,73.57936507936508,7.0,131.81327601167573,0.13273267638796207,0.013233658313158411,0.000738553643994268,0.14955439098060908,1512,4,olympiadMath_phi3
0.8,56.125,2.0,108.12459323408822,0.11494142014831678,0.004314999627615997,0.0,0.1053974609714041,1728,4,olympiadMath_phi3
0.9,37.29372427983539,0.0,83.98771246669955,0.08942426814893159,0.0,0.0,0.04322908486045416,1944,4,olympiadMath_phi3
0.1,430.9675925925926,313.0,566.7329404592712,0.4540002771457686,0.4411457712036264,0.2214205501763316,0.6867035168422615,216,0,olympiadMath_qwen
0.2,343.39351851851853,226.5,464.13614277716454,0.3626965969826696,0.30995664072218077,0.11982613452318384,0.5596269982238011,432,0,olympiadMath_qwen
0.3,264.64506172839504,137.0,388.7727611617004,0.27762937551563305,0.1757684942583297,0.05688045769346582,0.43625387149014816,648,0,olympiadMath_qwen
0.4,228.39467592592592,82.5,329.60862807750607,0.23521996031308776,0.10290887973814802,0.022459313750188944,0.3820964542576611,864,0,olympiadMath_qwen
0.5,190.9638888888889,52.0,273.4207915494782,0.20080307527382976,0.06653587401527133,0.016216724588871773,0.3022548062178173,1080,0,olympiadMath_qwen
0.6,154.54012345679013,28.0,245.7951287224555,0.16917621819259998,0.03869016626748585,0.011390855496336366,0.231312292358804,1296,0,olympiadMath_qwen
0.7,118.17857142857143,19.0,197.72130756886637,0.13906146447114903,0.02556212862578154,0.00787366494479163,0.19226007672444023,1512,0,olympiadMath_qwen
0.8,87.90682870370371,10.0,170.88629937616392,0.112463972247029,0.010762770615955701,0.001301250988798953,0.1136936255983875,1728,0,olympiadMath_qwen
0.9,64.18415637860082,4.0,141.96718320444464,0.09730870632696413,0.00530202784242305,0.0,0.055069876399771414,1944,0,olympiadMath_qwen
0.1,371.8333333333333,213.0,474.1332247531434,0.3913811868757074,0.30196302302236044,0.11754151421334083,0.6723397435897436,216,1,olympiadMath_qwen
0.2,334.7986111111111,190.0,444.36018683745635,0.34804588266452846,0.25681829075396634,0.09887113243326472,0.5861262836791082,432,1,olympiadMath_qwen
0.3,285.8533950617284,120.0,402.8456400159142,0.28826602551662917,0.16543764447718726,0.044663195137712566,0.4924988192010341,648,1,olympiadMath_qwen
0.4,229.72685185185185,71.0,319.0761721451947,0.24151684307980592,0.09138854471912469,0.02528890679504702,0.40771419661651204,864,1,olympiadMath_qwen
0.5,187.5861111111111,39.0,278.3174978723285,0.1985898258295419,0.052397214410070975,0.01740394329750745,0.31132324284529755,1080,1,olympiadMath_qwen
0.6,126.61651234567901,17.0,230.00515695814835,0.13803191898729417,0.021768747778699207,0.00972585350170913,0.15453169197612926,1296,1,olympiadMath_qwen
0.7,76.39087301587301,9.0,168.88850771556744,0.09363269475103261,0.009965834667029886,0.0024961005725386907,0.07179200969034558,1512,1,olympiadMath_qwen
0.8,61.851851851851855,3.0,143.45270399545518,0.08531089040349504,0.004801927688618336,0.0,0.04697512762028891,1728,1,olympiadMath_qwen
0.9,57.32921810699588,2.0,145.06649053853346,0.08748189263519199,0.002044989775051125,0.0,0.0334405560119789,1944,1,olympiadMath_qwen
0.1,386.8009259259259,305.0,455.1810000174881,0.42852807276207755,0.39035842153787015,0.20127472943552205,0.6968027180715293,216,2,olympiadMath_qwen
0.2,367.0763888888889,228.0,471.30825231664966,0.38915616266782493,0.32079260111175,0.12052287581699346,0.6474929471842302,432,2,olympiadMath_qwen
0.3,308.87808641975306,169.5,386.24344928087464,0.3265421649753165,0.23434964641011305,0.06170510132774283,0.5384102971244616,648,2,olympiadMath_qwen
0.4,243.53587962962962,101.0,318.1392676487132,0.26269666306916795,0.12795834008753443,0.02926343448042041,0.4436183953621099,864,2,olympiadMath_qwen
0.5,191.17314814814816,42.0,281.7362350334616,0.20349745128684504,0.054631247631479224,0.01617800705237038,0.3193062492625949,1080,2,olympiadMath_qwen
0.6,138.3047839506173,21.0,242.9185718912953,0.15152366903955575,0.026309352817502445,0.009670609751352192,0.18558450704225354,1296,2,olympiadMath_qwen
0.7,97.51058201058201,10.0,202.82906151461472,0.11576907895203696,0.011699759326113116,0.003158311779568526,0.08956220236679027,1512,2,olympiadMath_qwen
0.8,71.98263888888889,6.0,158.4495689558527,0.09680395594551257,0.006791173652142275,0.001443001443001443,0.06027593457042552,1728,2,olympiadMath_qwen
0.9,60.32561728395062,2.0,135.98440982011553,0.09382887447493196,0.0022448498835373897,0.0,0.042484848484848486,1944,2,olympiadMath_qwen
0.1,486.77314814814815,296.0,567.1215571420948,0.4449675762286638,0.4140410592340462,0.15155717498381557,0.7223173515981736,216,3,olympiadMath_qwen
0.2,379.34722222222223,233.0,435.8331100399542,0.38018908931715234,0.3037940485981564,0.10260168423251062,0.6299283154121864,432,3,olympiadMath_qwen
0.3,319.7716049382716,188.0,374.12905073133237,0.3321744065009836,0.2435169082125604,0.06951492395797777,0.5831403157895807,648,3,olympiadMath_qwen
0.4,264.66435185185185,146.0,323.8184945813214,0.27842008935024887,0.1849260700389105,0.0462460959925001,0.4423918288384367,864,3,olympiadMath_qwen
0.5,214.4138888888889,78.0,286.2927955906309,0.22721584964359068,0.09036085928148857,0.022229346046344606,0.37446200245044137,1080,3,olympiadMath_qwen
0.6,169.80324074074073,34.0,244.51598830931346,0.1870158208118649,0.04938917925777149,0.013473748542843238,0.29785234134670163,1296,3,olympiadMath_qwen
0.7,102.1329365079365,10.0,200.11583001632567,0.1229042489938989,0.01502002837562103,0.0023733227635218688,0.122449151990114,1512,3,olympiadMath_qwen
0.8,78.26793981481481,5.0,160.98781610764055,0.10971058959819668,0.005398805107958753,0.0012987012987012987,0.0988940855085304,1728,3,olympiadMath_qwen
0.9,53.30298353909465,1.0,123.74835606568105,0.08360417786486656,0.0014825805033520166,0.0,0.044475394614670385,1944,3,olympiadMath_qwen
0.1,279.02314814814815,191.5,318.12950778483673,0.347864143869516,0.28400926818648337,0.11801707077178084,0.5686001038433071,216,4,olympiadMath_qwen
0.2,268.31944444444446,145.5,373.94734328223205,0.2973827700044984,0.1881936630145099,0.05956822998208524,0.4884888854663997,432,4,olympiadMath_qwen
0.3,263.0941358024691,115.0,404.3013812481865,0.2698595857638067,0.14964591690189671,0.03456872794252049,0.46373529270274993,648,4,olympiadMath_qwen
0.4,252.21759259259258,115.5,354.1915466630136,0.2628277744160558,0.1532471153526659,0.0236534776922843,0.4176170415594793,864,4,olympiadMath_qwen
0.5,202.2935185185185,67.0,285.29967667970806,0.21365037027790354,0.0799696425801591,0.016234666954067722,0.34085284519425174,1080,4,olympiadMath_qwen
0.6,149.06327160493828,30.0,228.89082862535747,0.16484894027678698,0.042158236505102115,0.011583440952790932,0.22173300617957106,1296,4,olympiadMath_qwen
0.7,121.27050264550265,22.5,210.36795423006592,0.14369986648693425,0.025206302142819326,0.004945916909816752,0.16780817672435167,1512,4,olympiadMath_qwen
0.8,86.55729166666667,13.5,167.07169592356462,0.11778116674501449,0.014958670994619502,0.0,0.10377777777777777,1728,4,olympiadMath_qwen
0.9,61.63837448559671,4.0,129.2720573175774,0.09769285197569502,0.0042958497072622,0.0,0.06605044264855012,1944,4,olympiadMath_qwen
